path,size_bytes,sha256
".gitignore",847,69d782ec3ac300c364f86436e5d3e3f7d5bad5d58e39dba0e5cca34f5ccc9e59
"app/api/datasets/[id]/route.ts",2361,0919cfbb2932421f2739b6b58c54f5805af6344ad076e98be0b0111657499ca2
"app/api/datasets/[id]/source/route.ts",1074,4cedc1e7ebe377c2572ceb23e36ca19717f2621a2fe551bdbab67fda40748bcb
"app/api/datasets/route.ts",2028,0f0e0af8019bf3c85ef98f019dcd2c94d1cf8d0b7ab6da761aa7003609e297a0
"app/api/pasc/infer/route.ts",2062,ff1d4123a4073d8b97ffd68cdc82b65d73a775461479052a8878212b7d3f4c95
"app/api/points/route.ts",1136,5b40480aa47f13cc270f4372138051f0b24c9504e8d03b4a955495239e7c9c11
"app/api/uploads/complete/route.ts",2071,9ca09cc1bbb0c7cf1919f662842f1d1c8c5ed6816e76834d154e4993ea95f7f1
"app/components/DatasetPage.tsx",31467,d005bdf7ae0aac535430bca2fb089184b523c6f60b90a72e51e3d83418f0fb68
"app/components/HomePage.tsx",4891,0735b1a748221aabace3a898e56a31b078481fc1fd93d44ad4d8c368794a7eef
"app/components/MapWorkspace.tsx",98354,213631c6cc7b438d88bf0aeb76c30eec58c857008d633c41943c6d3770ea66cd
"app/components/PascAnalysisPanel.tsx",3447,2971ff365c7ced7e7ae61aa6074438cc25b20f383eb4f62607ad33586a48e957
"app/components/PascCompatibilityCheck.tsx",2242,9c3335d29c17573c8a1c174bffdd25053975ee2ab5804e545af92e94ae58e84c
"app/components/PascJobPanel.tsx",12742,e27c2712e2a8f8863024cc59168109f2692a2ff203955368fda1a04f86da0968
"app/components/PascOnlineRecognition.tsx",5384,5b8e6339d166627ee87bbb432a123485547701557218c7dae343db6a8ac7e3cc
"app/components/PascPatternLegend.tsx",641,2800fe763b7ca02074cc1b94db5acaf2334ebda4f1426f917a18a97bbc5da348
"app/components/PascProbabilityBars.tsx",935,dce18f0314fff76b2677d528959d79fda0c3f0a9465b59d77f29c305e9f572f2
"app/components/PascRegionStats.tsx",911,26c4e6ce8e5365ac16e39da327cb8327b96c83b7b492d67ae91018262024faaa
"app/components/WebGisMap.tsx",13121,94d6f4ae957a61602a9445ff672e9699a1af85c5c4eca150ecc07d8dd103b13c
"app/data/site.ts",6516,3614d5651b827bf25cf9b09134b5b24c6725eb596477a58c4f054537d8931cf2
"app/layout.tsx",1035,1c7ff91dbdffc313c5b2f793257d06beeafb16b9eb92acf25ef36c30f3a2a00e
"app/lib/analysis-context.tsx",4452,1f6bf9615e70cbe83c68a47ba285fa8decda27469f0a74265c5794a5ec72e47e
"app/lib/insar-v2.ts",28577,d5a300c4a1a2ae53029080cd476d9c4c1f79680f2025b001e48a42d2a9243cf5
"app/lib/pasc-job-client.ts",8426,dfbb606b11fc8fa5d48245e67c782439cb7bcc445acb55b67c1839c1fb2a1ec2
"app/lib/pasc-job-routes.ts",20488,f0a0a1982a2ab958a5619abd437f272550c1cc8e6581126ddda55e7c961cc6de
"app/lib/pasc-jobs.ts",18097,0d2a1a485001cbc90fc57080bafea54292552e8104185d80903261e6e21dc4fd
"app/lib/pasc-online.ts",18083,e0e81aaf6a86f2110964b0e39fccca901401e26b29ca24b46cce229b9d869039
"app/lib/pasc-schema.ts",5840,5d2019a817a0e9368104e913c56370a0d35f2ef83281fad1217abb3d5157f6b1
"app/lib/pasc.ts",6519,407e363c59536cb40279238cc4579268299de9ce0f063080a72ca4c35641ac45
"app/pasc.css",19914,3c78565dd069f450baadf0de411d2ad1f3b7d64a590bce883969558738e76bcf
"app/types/pasc.ts",3659,120c6f8479a8f2d6f8aa691cef480e2ffe0d0e51fb998ffc6a4faae3e5949544
"app/v1/internal/jobs/[jobId]/artifacts/route.ts",81,7840448a17de66829d87a3ca479203afbf44e4204b466e93de2ef902926a620d
"app/v1/internal/jobs/[jobId]/complete/route.ts",83,49bc901ac96b6560085d2a25aabf168e5e0a4d476159044751ddadd1669e81a4
"app/v1/internal/jobs/[jobId]/fail/route.ts",79,81b9898eb853b7324690843889e982fb7dce0fa728be38e24d16746a10025ecc
"app/v1/internal/jobs/[jobId]/progress/route.ts",83,8a4fd5818ccd57390dfef9c85e0ce298fcfa8072565151f55a9e3e2bb4e84409
"app/v1/internal/jobs/[jobId]/source/route.ts",79,cfceddbb319bb0d1d73a5ffe16beee870d92028329810d21e786fb688114a8cb
"app/v1/internal/jobs/claim/route.ts",77,188beabd91d7b8f07e0d63df12a7410ccb3df9c2d8b172846f20689859e65847
"app/v1/jobs/[jobId]/artifacts/[artifactId]/route.ts",82,55fc3cbd39b5b60d3951a2bf0d4138c01640c97424964cdff46aabf926353919
"app/v1/jobs/[jobId]/artifacts/route.ts",80,bd81ea1454a73ffa9c76c311e30a02884ab4ed930cf05d8efe730553f86421ae
"app/v1/jobs/[jobId]/cancel/route.ts",79,f450cd83ee1a5710e6d9380ba2fdf3988e63d43723294759507e9efcf018c37a
"app/v1/jobs/[jobId]/map/route.ts",74,0e33fa69f32c6a6fcf2d46ea3e53050d76f2f6963cc73e6780fe4fb27c867d60
"app/v1/jobs/[jobId]/route.ts",68,8a65298ca988f551c6853dbb606ba6eee0bae9b53f885d6a4fe8e82083751837
"app/v1/jobs/[jobId]/summary/route.ts",78,1d93e0e4fcf093981a97352636c2d2d0b908c7ae74816bb293262c6d3c01e4e2
"app/v1/jobs/route.ts",90,22daa2ac7ea9b07f4b3cc71bae368c5219b4d4efbfc71946d398eb2327966cac
"db/schema.ts",5376,ad7f996afa4eb33ee0bd57dd696af7884d7bd87b50b30237541bc8f705fc9d03
"drizzle/0002_pasc_jobs.sql",3224,712628e3afbbea47e981d0a3b59f9d0b3939e5dcab75747e860d43be4eaa021b
"eslint.config.mjs",1961,1df3a314d79b80caf36b6db4d05cb8c47393d5a7bacc94098a6cff477200a1fc
"findings.md",56021,c46b146d9b0171be270bbf82f0c0565ae5db02da9f6399b0032149c117a5e4f6
"package-lock.json",359463,ebb1ee0a9944482305ff8d922226eed84d9105e0019bcdccc49a61b325fa5ab1
"package.json",3578,bb5e9571df97259dd55197143c33e89fa2613259fa41ff9b955aa3431ce17ff4
"pasc-tcn-service/PHASE_B_COMPLETION_REPORT.md",3656,f568cefdddd113717f8b46f50bbb4079c15b1fd922d5e855c68f750011cc52ce
"pasc-tcn-service/PHASE_B_FILE_MANIFEST.csv",2161,cf04d59c704f8872ee02083270ef21d2e84d5698cfb51f65d3cbb22c534b30b3
"pasc-tcn-service/PHASE_C_COMPLETION_REPORT.md",4673,8f79829827217b1f22dd3d3ccbf1f4eeeb921a7b5e8e06d4a9cc0aaf0cc6d4ff
"pasc-tcn-service/PHASE_C_FILE_MANIFEST.csv",2305,d48c9073d8de66d5aecca598c74b0a8e05b6d330c51ce9ce1ccfe421f3f5a7cc
"pasc-tcn-service/phase_c_results/phase_c_metrics.pdf",39667,f9675d193a9b22b86c0abb9feeab64b6ecd1a2a1c9242fecfb813acb2742e6c7
"pasc-tcn-service/phase_c_results/phase_c_metrics.png",366257,12b66e9ec81446147113f93d3b3dfe896da1b2f77677b308dbb74e81655bbe12
"pasc-tcn-service/phase_c_results/phase_c_overall_metrics.csv",7773,45c0208629447d41830f7e24323db8e302f1c9faf2e1854bda4001c292ee39a3
"pasc-tcn-service/phase_c_results/phase_c_per_class_metrics.csv",26149,d91a577474865c18ba39bf4539e690a51c31df69958905474e13ed560baead2b
"pasc-tcn-service/phase_c_results/phase_c_predictions.csv",1825157,fc5eeab279aa47f37f9def636b903b645c64079e7e9112343b546b095ca45db5
"pasc-tcn-service/phase_c_results/phase_c_results.json",185636,f98b9e5be4d24ae51a55aad78c3eb8f0b8750caee6f90fa6c09c5dea5ea16c78
"pasc-tcn-service/phase_c_results/PHASE_C_VALIDATION_REPORT.md",5063,7fb190ddb879276c179ee156f84b9497e40cc19a5943c30ef7e6087b40744115
"pasc-tcn-service/phase_c_results/sampling_indices.csv",165578,08e8440c97955772a763508987ff79d11d963608b52583e503f28f859aadb285
"pasc-tcn-service/phase_c_results/sampling_indices.json",90659,746da5cf03ce7e5410d412934bb994c1f7861294f519a60015693259605a23e5
"pasc-tcn-service/PHASE_D_COMPLETION_REPORT.md",5703,4491f357feab36bb5571bf6a7f56e67c6b534891ca07c726a7552ab36873d2bf
"pasc-tcn-service/PHASE_D_FILE_MANIFEST.csv",2545,487eff93320cee2aa68c8592c2d6eb2568189410202a7b39557f0c9287b24088
"pasc-tcn-service/phase_g_results/PHASE_G_EXTERNAL_REGION_REPORT.md",3416,7332478654464aaef72aa681639ee39728dacbbf500e6479ad7b01616541c729
"pasc-tcn-service/phase_g_results/phase_g_results.json",8332,69105322498e0b0d83b0f80558fb0720348041e1e2939022c4a411c84d3d42d7
"pasc-tcn-service/phase_g_results/phase_g_scenarios.csv",1644,2aeaf63b3e41eca9802973903dc4ff5d80bc10295ca0b88244aa0db35f7a7b18
"pasc-tcn-service/pyproject.toml",751,549a7dc136b645117ab4de3b109b242ba15ec7d091c2a08cb255f6c540216f22
"pasc-tcn-service/README.md",6640,a1762459c10f1eddeb4ddbd0d5ffecf0a5a0320ca5101e2a41f098754f19ab50
"pasc-tcn-service/src/pasc_tcn_service/__init__.py",284,732ba3c253b1dc65e836f6e7474306e8e0d86538c0b803c4e37508844e68a6a8
"pasc-tcn-service/src/pasc_tcn_service/__main__.py",2931,2a89cce40e347dfcc3355fc85247814baa051802b459837bc7174e62db54e9ae
"pasc-tcn-service/src/pasc_tcn_service/api.py",6290,bfa0cb55f09d3f7b2f2d286a299006562d18303459c0c3959df0554f773641be
"pasc-tcn-service/src/pasc_tcn_service/assets/physics_scaler.json",1618,b110e9edbc9a0087acb57e901ee217e349f984c44a79d74d6206464b6bda0b1d
"pasc-tcn-service/src/pasc_tcn_service/contract.py",1837,180fd0ca40ac78680a91aa0276b3ed10e69704b1ff48879a67e9be84ff0bdd5c
"pasc-tcn-service/src/pasc_tcn_service/errors.py",2219,a941ae02d2ea130e2466c47cb92fd583d13d1f5ad52474f14bdb410b445c1975
"pasc-tcn-service/src/pasc_tcn_service/inference.py",29822,ada913eb5059309dcf7daa2eed8d21aff19168bcbea004d3bd0745f337e982fa
"pasc-tcn-service/src/pasc_tcn_service/job_consumer.py",33245,06937cda08e9e560f5889aa2cc5a17df4d0a30ee3f46a812d81003bc5fd121fc
"pasc-tcn-service/src/pasc_tcn_service/model_architecture.py",6219,868d25ed52cdcb39401fd35faf4f0be38e361662a65c8be5eef79a0b5ec4bc3b
"pasc-tcn-service/src/pasc_tcn_service/phase_c.py",6938,9cabfb1db7ea4a8ec32a05821e86c5b1898f410a630f0821c6f1e6d189da976e
"pasc-tcn-service/src/pasc_tcn_service/phase_g.py",16207,fec23e410f6e8bcfdfdd36259f22a7ff397a8a6a336b8b2e66f559a3314c392c
"pasc-tcn-service/src/pasc_tcn_service/preprocessing.py",18879,41765aec787ed3141348c605281ad9c58dc0d43795af2770bf26fd340ac64130
"pasc-tcn-service/src/pasc_tcn_service/schema.py",16132,4a9105727fd6066cb37fb61a6697f1822a0b4e0a955884a3653183ac4aa79b97
"pasc-tcn-service/src/pasc_tcn_service/security.py",4035,ddbe10921e89b1de4325532bf1a5ad475ab98ee630cada781ad06a540fd5d52f
"pasc-tcn-service/tests/fixtures/native248_golden.json",88595,b1f9a55f6e14f8069641157d819ba26625027d27c850e5f30484ff6b31114fa6
"pasc-tcn-service/tests/fixtures/phase_d_inference_golden.json",49912,13f9505f9c6c33436fbbd552890150ec59cf7f2ccf32999ab4b09d3bb3ec7276
"pasc-tcn-service/tests/test_api.py",3227,84e0e82e06ed8eaed30811e44d6172585d223798b6e0f0c071cf6e83b1d87693
"pasc-tcn-service/tests/test_phase_c.py",3274,2640f361aef45b0b4b70eb9c9b05b67cc00cb5e66f72e147251d3c828718eb88
"pasc-tcn-service/tests/test_phase_d.py",10446,0c332eeb181486c81d5cadb104c86dd1b007db4e87454a59bbe7809731bca224
"pasc-tcn-service/tests/test_phase_f.py",10141,a284cbf63107a322f394bbdbd5f4862ef5f50ec105d673cdc2e698223d001ad4
"pasc-tcn-service/tests/test_phase_g.py",5435,31cd039b7bca945318e0b3b31734630cca222031be8fac32e39d920361ac2866
"pasc-tcn-service/tests/test_preprocessing.py",6603,f25c01eb31019d1b9ec4b2014318f7ed3835d8b96f7ffa95cb096d91437da6a6
"pasc-tcn-service/tests/test_schema.py",5029,943797347c333942c6aee555421f7f9509a4e24c59129c9ad2e2536b60c405b2
"pasc-tcn-service/tools/build_private_model_bundle.py",9416,90fef5b66e888edc39e9c621bbbd2ade8d02644e700affae3c346cb52f914c10
"pasc-tcn-service/tools/generate_native248_golden.py",7930,5a69fc23947e5f959a566ec91b2774022a98f56bbb706533372be228dfbe64ab
"pasc-tcn-service/tools/generate_phase_b_manifest.py",1697,1414e4d158d119e887003c6602ff2b67e374ddf87a6bb58d1a46fb52c3de8e87
"pasc-tcn-service/tools/generate_phase_c_manifest.py",1997,747ab046e0cc7908dca7bd8a301d65168f3b99d6ff2ae33e5d51820dddb502c9
"pasc-tcn-service/tools/generate_phase_d_golden.py",7909,bf02c915149e0b647fb4a82a9f62e5e8a0451dfc33940315b1d30de635aa2683
"pasc-tcn-service/tools/generate_phase_d_manifest.py",2171,7894dc127cc5618c677271352a10c15ef772dba3873716dc6ce4b24897aada0c
"pasc-tcn-service/tools/run_phase_c_validation.py",23692,ddb45374bbe86d7d37769e1f4fee245b000ab6a96b8792066f3fc245abd1de69
"pasc-tcn-service/tools/run_phase_f_consumer.py",100,7a95acdd4e81b956ce891c3c9a7fc6530eec0d7bb89b96d908381c044facf231
"pasc-tcn-service/tools/run_phase_g_external_evaluation.py",8358,1289f7ff413d970811ad815b01054898d997dcb1abea407d93a502716dd0857e
"pasc-tcn-service/tools/validate_phase_c_results.py",3636,bbacc2853779b86fde036ebac59f8407ce6c9c7f7c9506ec5af99e046f371f15
"PHASE_A_COMPLETION_REPORT.md",4511,8a9dfc4801e47ff9dcad9af1fd489a62274f0674ba1cccb9973f8c27211c0a65
"PHASE_A_FILE_MANIFEST.csv",3946,b892f0e7cc93f90c59077dced89b2d58d8b1eb3e320c7afb01e8d83b6afdbfd5
"PHASE_E_COMPLETION_REPORT.md",3625,34d58ff4314fb21d807706858ba1303a85bc7d7206b45b13b7d8e0720620af84
"PHASE_E_FILE_MANIFEST.csv",1662,8118a21fa2c1a101379cb7cd7c9958fb1fdf2096654a7090b2134138ab32935a
"PHASE_F_COMPLETION_REPORT.md",5936,2b1c24453986d2b1fc63286cea1e954a57561e4fade1cebffaf22c3befb3bd95
"PHASE_F_FILE_MANIFEST.csv",3704,cba7ea5fc226866220cc0bb6ee7c21100074674fae43858213ead5e2e734f320
"PHASE_G_COMPLETION_REPORT.md",5078,3bb403d70fa0442d1b3d3e3183851e8f72abbc15eb94bfe81e63a2df2a40b7f5
"PHASE_G_FILE_MANIFEST.csv",1903,24e0bf32a4e07437a4b7bae3890d486d74e9bb27fe7e8d733405188cff4188a8
"progress.md",25692,ede46e098c2fe27815fb7dd9f8adf87556c9c2e99e4b10957c7b2305f21a73fe
"public/data/haikou-insar.csv",5376485,98c4a718d8c5062c89a0eb45ecc9e584c315c24a6026ffe19ade2823005ad020
"public/data/haikou-pasc-showcase.csv",5446844,16d9a453afd05ba7f3c25246d7d652f9e3e6345206f563dc8808443fc40abc6f
"public/data/haikou-pasc-showcase.manifest.json",1370,d90fd3aad15a92716d820fa287bc204a5935ae29448c0bfa523ca40c4c55a3ef
"public/data/haikou-pasc-spatial.manifest.json",1462,72c61962654957b4cfaf2e79cd0a5087bb4dba3f24ef43dde36a4c46ab5c767f
"README.md",12874,005fd08db515aa25aa99a08f766724e2a9568b188f12c837f319f109e954ca36
"RELEASE_NOTES_PASC_V4.md",4327,49d310ddba9e3d1bba154c59c0e30e8f7c54c59acf9518cb8c2152d8d3c71547
"scripts/build-pasc-tests.mjs",434,7441fd576efa6dea219bc4b125cab3b9bf19695879b66050ae9c1e64866c210a
"scripts/generate-pasc-demos.mjs",9610,869f92c45797b31127d06f6f06e417c89eb51d7fa825c7df9b395d2808092f37
"scripts/github-pages-output.mjs",1822,cab686109139dc36df5c77be6cd1935ce9f3464e272e443127d9844307f240b6
"scripts/validate-pasc-demos.mjs",3695,81ca9483f718ff75989b068d528d8f869d8b5e1957af6f038279ee83d2a70347
"task_plan.md",30364,54bc7712a107dc1c553b7cdb7809931b9a71a43d246c79ecaf813aceb72b91a9
"tests/pasc-core.test.ts",14970,6dcc4125f9cc0afd6384cb5ed0964221a93c921735f0453a48ba6129a9d06572
"tests/pasc-phase-f.test.ts",6858,32624d57e161cb91152759c216610b061087495ce91ac48c78cab6fd1f87d4c4
"tests/pasc-phase-g.test.ts",1163,c525738f708ae484435344a93fe971bc10deeb6a3da5d379a74b359951c4134e
"tests/rendered-html.test.mjs",2129,de1eaf50620663009dc99f303ce7e0665f964bf7ac025881932b5c64f2456838
