classId,precision,recall,f1,support,rawPrecision,rawRecall,rawF1,scenario,epochs,method,className
0,0.9777777777777777,0.9777777777777777,0.9777777777777777,90,0.9777777777777777,0.9777777777777777,0.9777777777777777,baseline_248,248,baseline,Stable
1,0.9540229885057471,0.9325842696629213,0.9431818181818182,89,0.9540229885057471,0.9325842696629213,0.9431818181818182,baseline_248,248,baseline,Linear
2,0.9012345679012346,0.8588235294117647,0.8795180722891566,85,0.9012345679012346,0.8588235294117647,0.8795180722891566,baseline_248,248,baseline,Piecewise
3,0.9555555555555556,0.9662921348314607,0.9608938547486034,89,0.9550561797752809,0.9550561797752809,0.9550561797752809,baseline_248,248,baseline,Decelerating
4,0.9080459770114943,0.8977272727272727,0.9028571428571429,88,0.9069767441860465,0.8863636363636364,0.896551724137931,baseline_248,248,baseline,Accelerating
5,0.8636363636363636,0.926829268292683,0.8941176470588236,82,0.8444444444444444,0.926829268292683,0.8837209302325582,baseline_248,248,baseline,Undefined
0,0.9777777777777777,0.9777777777777777,0.9777777777777777,90,0.9777777777777777,0.9777777777777777,0.9777777777777777,uniform_160,160,uniform,Stable
1,0.9534883720930233,0.9213483146067416,0.9371428571428573,89,0.9540229885057471,0.9325842696629213,0.9431818181818182,uniform_160,160,uniform,Linear
2,0.8902439024390244,0.8588235294117647,0.874251497005988,85,0.9240506329113924,0.8588235294117647,0.8902439024390243,uniform_160,160,uniform,Piecewise
3,0.9555555555555556,0.9662921348314607,0.9608938547486034,89,0.9555555555555556,0.9662921348314607,0.9608938547486034,uniform_160,160,uniform,Decelerating
4,0.9090909090909091,0.9090909090909091,0.9090909090909091,88,0.9080459770114943,0.8977272727272727,0.9028571428571429,uniform_160,160,uniform,Accelerating
5,0.8620689655172413,0.9146341463414634,0.8875739644970414,82,0.8555555555555555,0.9390243902439024,0.8953488372093023,uniform_160,160,uniform,Undefined
0,0.9777777777777777,0.9777777777777777,0.9777777777777777,90,0.9777777777777777,0.9777777777777777,0.9777777777777777,random_missing_160,160,random_missing,Stable
1,0.9540229885057471,0.9325842696629213,0.9431818181818182,89,0.9431818181818182,0.9325842696629213,0.9378531073446328,random_missing_160,160,random_missing,Linear
2,0.9012345679012346,0.8588235294117647,0.8795180722891566,85,0.9125,0.8588235294117647,0.8848484848484848,random_missing_160,160,random_missing,Piecewise
3,0.9555555555555556,0.9662921348314607,0.9608938547486034,89,0.9555555555555556,0.9662921348314607,0.9608938547486034,random_missing_160,160,random_missing,Decelerating
4,0.9090909090909091,0.9090909090909091,0.9090909090909091,88,0.9069767441860465,0.8863636363636364,0.896551724137931,random_missing_160,160,random_missing,Accelerating
5,0.8620689655172413,0.9146341463414634,0.8875739644970414,82,0.8539325842696629,0.926829268292683,0.888888888888889,random_missing_160,160,random_missing,Undefined
0,0.9886363636363636,0.9666666666666667,0.9775280898876404,90,0.9886363636363636,0.9666666666666667,0.9775280898876404,continuous_gap_160,160,continuous_gap,Stable
1,0.8367346938775511,0.9213483146067416,0.877005347593583,89,0.8316831683168316,0.9438202247191011,0.8842105263157894,continuous_gap_160,160,continuous_gap,Linear
2,0.6781609195402298,0.6941176470588235,0.6860465116279069,85,0.7023809523809523,0.6941176470588235,0.6982248520710058,continuous_gap_160,160,continuous_gap,Piecewise
3,0.845360824742268,0.9213483146067416,0.8817204301075268,89,0.845360824742268,0.9213483146067416,0.8817204301075268,continuous_gap_160,160,continuous_gap,Decelerating
4,0.8131868131868132,0.8409090909090909,0.8268156424581005,88,0.8295454545454546,0.8295454545454546,0.8295454545454547,continuous_gap_160,160,continuous_gap,Accelerating
5,0.8709677419354839,0.6585365853658537,0.75,82,0.8769230769230769,0.6951219512195121,0.7755102040816327,continuous_gap_160,160,continuous_gap,Undefined
0,0.9777777777777777,0.9777777777777777,0.9777777777777777,90,0.9777777777777777,0.9777777777777777,0.9777777777777777,front_dense_back_sparse_160,160,front_dense_back_sparse,Stable
1,0.9534883720930233,0.9213483146067416,0.9371428571428573,89,0.9540229885057471,0.9325842696629213,0.9431818181818182,front_dense_back_sparse_160,160,front_dense_back_sparse,Linear
2,0.8809523809523809,0.8705882352941177,0.8757396449704142,85,0.891566265060241,0.8705882352941177,0.880952380952381,front_dense_back_sparse_160,160,front_dense_back_sparse,Piecewise
3,0.9555555555555556,0.9662921348314607,0.9608938547486034,89,0.9555555555555556,0.9662921348314607,0.9608938547486034,front_dense_back_sparse_160,160,front_dense_back_sparse,Decelerating
4,0.9069767441860465,0.8863636363636364,0.896551724137931,88,0.9176470588235294,0.8863636363636364,0.9017341040462428,front_dense_back_sparse_160,160,front_dense_back_sparse,Accelerating
5,0.8620689655172413,0.9146341463414634,0.8875739644970414,82,0.8636363636363636,0.926829268292683,0.8941176470588236,front_dense_back_sparse_160,160,front_dense_back_sparse,Undefined
0,0.967032967032967,0.9777777777777777,0.9723756906077348,90,0.967032967032967,0.9777777777777777,0.9723756906077348,front_sparse_back_dense_160,160,front_sparse_back_dense,Stable
1,0.9540229885057471,0.9325842696629213,0.9431818181818182,89,0.9540229885057471,0.9325842696629213,0.9431818181818182,front_sparse_back_dense_160,160,front_sparse_back_dense,Linear
2,0.8795180722891566,0.8588235294117647,0.8690476190476191,85,0.8902439024390244,0.8588235294117647,0.874251497005988,front_sparse_back_dense_160,160,front_sparse_back_dense,Piecewise
3,0.9550561797752809,0.9550561797752809,0.9550561797752809,89,0.9550561797752809,0.9550561797752809,0.9550561797752809,front_sparse_back_dense_160,160,front_sparse_back_dense,Decelerating
4,0.9080459770114943,0.8977272727272727,0.9028571428571429,88,0.9069767441860465,0.8863636363636364,0.896551724137931,front_sparse_back_dense_160,160,front_sparse_back_dense,Accelerating
5,0.872093023255814,0.9146341463414634,0.8928571428571429,82,0.8636363636363636,0.926829268292683,0.8941176470588236,front_sparse_back_dense_160,160,front_sparse_back_dense,Undefined
0,0.9777777777777777,0.9777777777777777,0.9777777777777777,90,0.9777777777777777,0.9777777777777777,0.9777777777777777,uniform_120,120,uniform,Stable
1,0.9534883720930233,0.9213483146067416,0.9371428571428573,89,0.9534883720930233,0.9213483146067416,0.9371428571428573,uniform_120,120,uniform,Linear
2,0.8795180722891566,0.8588235294117647,0.8690476190476191,85,0.9012345679012346,0.8588235294117647,0.8795180722891566,uniform_120,120,uniform,Piecewise
3,0.9555555555555556,0.9662921348314607,0.9608938547486034,89,0.9555555555555556,0.9662921348314607,0.9608938547486034,uniform_120,120,uniform,Decelerating
4,0.9090909090909091,0.9090909090909091,0.9090909090909091,88,0.9090909090909091,0.9090909090909091,0.9090909090909091,uniform_120,120,uniform,Accelerating
5,0.8604651162790697,0.9024390243902439,0.8809523809523809,82,0.8636363636363636,0.926829268292683,0.8941176470588236,uniform_120,120,uniform,Undefined
0,0.9887640449438202,0.9777777777777777,0.9832402234636872,90,0.9887640449438202,0.9777777777777777,0.9832402234636872,random_missing_120,120,random_missing,Stable
1,0.9529411764705882,0.9101123595505618,0.9310344827586207,89,0.9534883720930233,0.9213483146067416,0.9371428571428573,random_missing_120,120,random_missing,Linear
2,0.8823529411764706,0.8823529411764706,0.8823529411764706,85,0.891566265060241,0.8705882352941177,0.880952380952381,random_missing_120,120,random_missing,Piecewise
3,0.9550561797752809,0.9550561797752809,0.9550561797752809,89,0.9550561797752809,0.9550561797752809,0.9550561797752809,random_missing_120,120,random_missing,Decelerating
4,0.9010989010989011,0.9318181818181818,0.9162011173184357,88,0.9111111111111111,0.9318181818181818,0.9213483146067416,random_missing_120,120,random_missing,Accelerating
5,0.8928571428571429,0.9146341463414634,0.9036144578313253,82,0.8837209302325582,0.926829268292683,0.9047619047619047,random_missing_120,120,random_missing,Undefined
0,0.9560439560439561,0.9666666666666667,0.9613259668508287,90,0.9560439560439561,0.9666666666666667,0.9613259668508287,continuous_gap_120,120,continuous_gap,Stable
1,0.5774647887323944,0.9213483146067416,0.7099567099567099,89,0.5804195804195804,0.9325842696629213,0.7155172413793103,continuous_gap_120,120,continuous_gap,Linear
2,0.6666666666666666,0.23529411764705882,0.3478260869565218,85,0.7142857142857143,0.23529411764705882,0.3539823008849558,continuous_gap_120,120,continuous_gap,Piecewise
3,0.8469387755102041,0.9325842696629213,0.8877005347593584,89,0.8469387755102041,0.9325842696629213,0.8877005347593584,continuous_gap_120,120,continuous_gap,Decelerating
4,0.7849462365591398,0.8295454545454546,0.8066298342541436,88,0.8021978021978022,0.8295454545454546,0.8156424581005587,continuous_gap_120,120,continuous_gap,Accelerating
5,0.8115942028985508,0.6829268292682927,0.7417218543046358,82,0.8194444444444444,0.7195121951219512,0.7662337662337662,continuous_gap_120,120,continuous_gap,Undefined
0,0.9777777777777777,0.9777777777777777,0.9777777777777777,90,0.9777777777777777,0.9777777777777777,0.9777777777777777,front_dense_back_sparse_120,120,front_dense_back_sparse,Stable
1,0.9534883720930233,0.9213483146067416,0.9371428571428573,89,0.9540229885057471,0.9325842696629213,0.9431818181818182,front_dense_back_sparse_120,120,front_dense_back_sparse,Linear
2,0.8690476190476191,0.8588235294117647,0.863905325443787,85,0.8902439024390244,0.8588235294117647,0.874251497005988,front_dense_back_sparse_120,120,front_dense_back_sparse,Piecewise
3,0.9550561797752809,0.9550561797752809,0.9550561797752809,89,0.9550561797752809,0.9550561797752809,0.9550561797752809,front_dense_back_sparse_120,120,front_dense_back_sparse,Decelerating
4,0.9080459770114943,0.8977272727272727,0.9028571428571429,88,0.9069767441860465,0.8863636363636364,0.896551724137931,front_dense_back_sparse_120,120,front_dense_back_sparse,Accelerating
5,0.8620689655172413,0.9146341463414634,0.8875739644970414,82,0.8539325842696629,0.926829268292683,0.888888888888889,front_dense_back_sparse_120,120,front_dense_back_sparse,Undefined
0,0.9887640449438202,0.9777777777777777,0.9832402234636872,90,0.9887640449438202,0.9777777777777777,0.9832402234636872,front_sparse_back_dense_120,120,front_sparse_back_dense,Stable
1,0.9651162790697675,0.9325842696629213,0.9485714285714285,89,0.9540229885057471,0.9325842696629213,0.9431818181818182,front_sparse_back_dense_120,120,front_sparse_back_dense,Linear
2,0.9146341463414634,0.8823529411764706,0.8982035928143712,85,0.9135802469135802,0.8705882352941177,0.8915662650602408,front_sparse_back_dense_120,120,front_sparse_back_dense,Piecewise
3,0.9560439560439561,0.9775280898876404,0.9666666666666667,89,0.9560439560439561,0.9775280898876404,0.9666666666666667,front_sparse_back_dense_120,120,front_sparse_back_dense,Decelerating
4,0.9204545454545454,0.9204545454545454,0.9204545454545455,88,0.9186046511627907,0.8977272727272727,0.9080459770114941,front_sparse_back_dense_120,120,front_sparse_back_dense,Accelerating
5,0.8735632183908046,0.926829268292683,0.8994082840236686,82,0.8539325842696629,0.926829268292683,0.888888888888889,front_sparse_back_dense_120,120,front_sparse_back_dense,Undefined
0,0.9887640449438202,0.9777777777777777,0.9832402234636872,90,0.9887640449438202,0.9777777777777777,0.9832402234636872,uniform_80,80,uniform,Stable
1,0.9540229885057471,0.9325842696629213,0.9431818181818182,89,0.9431818181818182,0.9325842696629213,0.9378531073446328,uniform_80,80,uniform,Linear
2,0.8795180722891566,0.8588235294117647,0.8690476190476191,85,0.9012345679012346,0.8588235294117647,0.8795180722891566,uniform_80,80,uniform,Piecewise
3,0.9555555555555556,0.9662921348314607,0.9608938547486034,89,0.9555555555555556,0.9662921348314607,0.9608938547486034,uniform_80,80,uniform,Decelerating
4,0.9090909090909091,0.9090909090909091,0.9090909090909091,88,0.9080459770114943,0.8977272727272727,0.9028571428571429,uniform_80,80,uniform,Accelerating
5,0.8604651162790697,0.9024390243902439,0.8809523809523809,82,0.8636363636363636,0.926829268292683,0.8941176470588236,uniform_80,80,uniform,Undefined
0,0.9777777777777777,0.9777777777777777,0.9777777777777777,90,0.9777777777777777,0.9777777777777777,0.9777777777777777,random_missing_80,80,random_missing,Stable
1,0.9425287356321839,0.9213483146067416,0.9318181818181818,89,0.9425287356321839,0.9213483146067416,0.9318181818181818,random_missing_80,80,random_missing,Linear
2,0.8314606741573034,0.8705882352941177,0.8505747126436781,85,0.8314606741573034,0.8705882352941177,0.8505747126436781,random_missing_80,80,random_missing,Piecewise
3,0.9550561797752809,0.9550561797752809,0.9550561797752809,89,0.9550561797752809,0.9550561797752809,0.9550561797752809,random_missing_80,80,random_missing,Decelerating
4,0.9047619047619048,0.8636363636363636,0.8837209302325582,88,0.9047619047619048,0.8636363636363636,0.8837209302325582,random_missing_80,80,random_missing,Accelerating
5,0.8809523809523809,0.9024390243902439,0.8915662650602411,82,0.8809523809523809,0.9024390243902439,0.8915662650602411,random_missing_80,80,random_missing,Undefined
0,0.9,0.9,0.9,90,0.9,0.9,0.9,continuous_gap_80,80,continuous_gap,Stable
1,0.47023809523809523,0.8876404494382022,0.6147859922178989,89,0.4540229885057471,0.8876404494382022,0.6007604562737642,continuous_gap_80,80,continuous_gap,Linear
2,0.5555555555555556,0.47058823529411764,0.5095541401273886,85,0.5555555555555556,0.47058823529411764,0.5095541401273886,continuous_gap_80,80,continuous_gap,Piecewise
3,0.6545454545454545,0.8089887640449438,0.7236180904522612,89,0.660377358490566,0.7865168539325843,0.717948717948718,continuous_gap_80,80,continuous_gap,Decelerating
4,0.7215189873417721,0.6477272727272727,0.6826347305389221,88,0.7142857142857143,0.625,0.6666666666666666,continuous_gap_80,80,continuous_gap,Accelerating
5,1.0,0.04878048780487805,0.09302325581395349,82,1.0,0.04878048780487805,0.09302325581395349,continuous_gap_80,80,continuous_gap,Undefined
0,0.9777777777777777,0.9777777777777777,0.9777777777777777,90,0.9777777777777777,0.9777777777777777,0.9777777777777777,front_dense_back_sparse_80,80,front_dense_back_sparse,Stable
1,0.9534883720930233,0.9213483146067416,0.9371428571428573,89,0.9318181818181818,0.9213483146067416,0.9265536723163842,front_dense_back_sparse_80,80,front_dense_back_sparse,Linear
2,0.8505747126436781,0.8705882352941177,0.8604651162790696,85,0.8690476190476191,0.8588235294117647,0.863905325443787,front_dense_back_sparse_80,80,front_dense_back_sparse,Piecewise
3,0.9550561797752809,0.9550561797752809,0.9550561797752809,89,0.9545454545454546,0.9438202247191011,0.9491525423728814,front_dense_back_sparse_80,80,front_dense_back_sparse,Decelerating
4,0.9069767441860465,0.8863636363636364,0.896551724137931,88,0.9058823529411765,0.875,0.8901734104046243,front_dense_back_sparse_80,80,front_dense_back_sparse,Accelerating
5,0.8823529411764706,0.9146341463414634,0.8982035928143712,82,0.875,0.9390243902439024,0.9058823529411764,front_dense_back_sparse_80,80,front_dense_back_sparse,Undefined
0,0.9775280898876404,0.9666666666666667,0.9720670391061451,90,0.9775280898876404,0.9666666666666667,0.9720670391061451,front_sparse_back_dense_80,80,front_sparse_back_dense,Stable
1,0.9642857142857143,0.9101123595505618,0.9364161849710984,89,0.9534883720930233,0.9213483146067416,0.9371428571428573,front_sparse_back_dense_80,80,front_sparse_back_dense,Linear
2,0.8823529411764706,0.8823529411764706,0.8823529411764706,85,0.9135802469135802,0.8705882352941177,0.8915662650602408,front_sparse_back_dense_80,80,front_sparse_back_dense,Piecewise
3,0.9555555555555556,0.9662921348314607,0.9608938547486034,89,0.9555555555555556,0.9662921348314607,0.9608938547486034,front_sparse_back_dense_80,80,front_sparse_back_dense,Decelerating
4,0.9111111111111111,0.9318181818181818,0.9213483146067416,88,0.9101123595505618,0.9204545454545454,0.9152542372881356,front_sparse_back_dense_80,80,front_sparse_back_dense,Accelerating
5,0.8705882352941177,0.9024390243902439,0.8862275449101796,82,0.8636363636363636,0.926829268292683,0.8941176470588236,front_sparse_back_dense_80,80,front_sparse_back_dense,Undefined
0,0.967032967032967,0.9777777777777777,0.9723756906077348,90,0.967032967032967,0.9777777777777777,0.9723756906077348,uniform_60,60,uniform,Stable
1,0.9534883720930233,0.9213483146067416,0.9371428571428573,89,0.9540229885057471,0.9325842696629213,0.9431818181818182,uniform_60,60,uniform,Linear
2,0.8705882352941177,0.8705882352941177,0.8705882352941176,85,0.9012345679012346,0.8588235294117647,0.8795180722891566,uniform_60,60,uniform,Piecewise
3,0.9550561797752809,0.9550561797752809,0.9550561797752809,89,0.9550561797752809,0.9550561797752809,0.9550561797752809,uniform_60,60,uniform,Decelerating
4,0.9090909090909091,0.9090909090909091,0.9090909090909091,88,0.9090909090909091,0.9090909090909091,0.9090909090909091,uniform_60,60,uniform,Accelerating
5,0.8809523809523809,0.9024390243902439,0.8915662650602411,82,0.8735632183908046,0.926829268292683,0.8994082840236686,uniform_60,60,uniform,Undefined
0,0.9885057471264368,0.9555555555555556,0.9717514124293786,90,0.9885057471264368,0.9555555555555556,0.9717514124293786,random_missing_60,60,random_missing,Stable
1,0.9529411764705882,0.9101123595505618,0.9310344827586207,89,0.9425287356321839,0.9213483146067416,0.9318181818181818,random_missing_60,60,random_missing,Linear
2,0.8,0.8941176470588236,0.8444444444444443,85,0.8085106382978723,0.8941176470588236,0.8491620111731844,random_missing_60,60,random_missing,Piecewise
3,0.9662921348314607,0.9662921348314607,0.9662921348314607,89,0.9772727272727273,0.9662921348314607,0.9717514124293786,random_missing_60,60,random_missing,Decelerating
4,0.9058823529411765,0.875,0.8901734104046243,88,0.9047619047619048,0.8636363636363636,0.8837209302325582,random_missing_60,60,random_missing,Accelerating
5,0.8414634146341463,0.8414634146341463,0.8414634146341463,82,0.8433734939759037,0.8536585365853658,0.8484848484848484,random_missing_60,60,random_missing,Undefined
0,0.9438202247191011,0.9333333333333333,0.9385474860335196,90,0.9438202247191011,0.9333333333333333,0.9385474860335196,continuous_gap_60,60,continuous_gap,Stable
1,0.4965986394557823,0.8202247191011236,0.6186440677966103,89,0.4658385093167702,0.8426966292134831,0.6,continuous_gap_60,60,continuous_gap,Linear
2,0.4857142857142857,0.2,0.2833333333333333,85,0.3793103448275862,0.12941176470588237,0.1929824561403509,continuous_gap_60,60,continuous_gap,Piecewise
3,0.8045977011494253,0.7865168539325843,0.7954545454545455,89,0.8235294117647058,0.7865168539325843,0.8045977011494253,continuous_gap_60,60,continuous_gap,Decelerating
4,0.575,0.7840909090909091,0.6634615384615384,88,0.5701754385964912,0.7386363636363636,0.6435643564356436,continuous_gap_60,60,continuous_gap,Accelerating
5,0.7555555555555555,0.4146341463414634,0.5354330708661418,82,0.7555555555555555,0.4146341463414634,0.5354330708661418,continuous_gap_60,60,continuous_gap,Undefined
0,0.9887640449438202,0.9777777777777777,0.9832402234636872,90,0.9887640449438202,0.9777777777777777,0.9832402234636872,front_dense_back_sparse_60,60,front_dense_back_sparse,Stable
1,0.9425287356321839,0.9213483146067416,0.9318181818181818,89,0.9318181818181818,0.9213483146067416,0.9265536723163842,front_dense_back_sparse_60,60,front_dense_back_sparse,Linear
2,0.8409090909090909,0.8705882352941177,0.8554913294797689,85,0.8409090909090909,0.8705882352941177,0.8554913294797689,front_dense_back_sparse_60,60,front_dense_back_sparse,Piecewise
3,0.9550561797752809,0.9550561797752809,0.9550561797752809,89,0.9545454545454546,0.9438202247191011,0.9491525423728814,front_dense_back_sparse_60,60,front_dense_back_sparse,Decelerating
4,0.9166666666666666,0.875,0.8953488372093024,88,0.9166666666666666,0.875,0.8953488372093024,front_dense_back_sparse_60,60,front_dense_back_sparse,Accelerating
5,0.8604651162790697,0.9024390243902439,0.8809523809523809,82,0.8604651162790697,0.9024390243902439,0.8809523809523809,front_dense_back_sparse_60,60,front_dense_back_sparse,Undefined
0,0.9886363636363636,0.9666666666666667,0.9775280898876404,90,0.9886363636363636,0.9666666666666667,0.9775280898876404,front_sparse_back_dense_60,60,front_sparse_back_dense,Stable
1,0.9529411764705882,0.9101123595505618,0.9310344827586207,89,0.9534883720930233,0.9213483146067416,0.9371428571428573,front_sparse_back_dense_60,60,front_sparse_back_dense,Linear
2,0.8409090909090909,0.8705882352941177,0.8554913294797689,85,0.8588235294117647,0.8588235294117647,0.8588235294117647,front_sparse_back_dense_60,60,front_sparse_back_dense,Piecewise
3,0.9550561797752809,0.9550561797752809,0.9550561797752809,89,0.9659090909090909,0.9550561797752809,0.96045197740113,front_sparse_back_dense_60,60,front_sparse_back_dense,Decelerating
4,0.9090909090909091,0.9090909090909091,0.9090909090909091,88,0.9090909090909091,0.9090909090909091,0.9090909090909091,front_sparse_back_dense_60,60,front_sparse_back_dense,Accelerating
5,0.8705882352941177,0.9024390243902439,0.8862275449101796,82,0.8636363636363636,0.926829268292683,0.8941176470588236,front_sparse_back_dense_60,60,front_sparse_back_dense,Undefined
0,0.9775280898876404,0.9666666666666667,0.9720670391061451,90,0.9775280898876404,0.9666666666666667,0.9720670391061451,uniform_40,40,uniform,Stable
1,0.9418604651162791,0.9101123595505618,0.9257142857142857,89,0.9418604651162791,0.9101123595505618,0.9257142857142857,uniform_40,40,uniform,Linear
2,0.8620689655172413,0.8823529411764706,0.872093023255814,85,0.8604651162790697,0.8705882352941177,0.8654970760233918,uniform_40,40,uniform,Piecewise
3,0.9550561797752809,0.9550561797752809,0.9550561797752809,89,0.9545454545454546,0.9438202247191011,0.9491525423728814,uniform_40,40,uniform,Decelerating
4,0.9204545454545454,0.9204545454545454,0.9204545454545455,88,0.9204545454545454,0.9204545454545454,0.9204545454545455,uniform_40,40,uniform,Accelerating
5,0.8690476190476191,0.8902439024390244,0.8795180722891567,82,0.8488372093023255,0.8902439024390244,0.8690476190476191,uniform_40,40,uniform,Undefined
0,0.9885057471264368,0.9555555555555556,0.9717514124293786,90,0.9885057471264368,0.9555555555555556,0.9717514124293786,random_missing_40,40,random_missing,Stable
1,0.9411764705882353,0.898876404494382,0.9195402298850575,89,0.9418604651162791,0.9101123595505618,0.9257142857142857,random_missing_40,40,random_missing,Linear
2,0.8222222222222222,0.8705882352941177,0.8457142857142856,85,0.8295454545454546,0.8588235294117647,0.8439306358381502,random_missing_40,40,random_missing,Piecewise
3,0.9239130434782609,0.9550561797752809,0.9392265193370166,89,0.9340659340659341,0.9550561797752809,0.9444444444444444,random_missing_40,40,random_missing,Decelerating
4,0.8681318681318682,0.8977272727272727,0.8826815642458101,88,0.8777777777777778,0.8977272727272727,0.8876404494382022,random_missing_40,40,random_missing,Accelerating
5,0.8589743589743589,0.8170731707317073,0.8374999999999999,82,0.8518518518518519,0.8414634146341463,0.8466257668711655,random_missing_40,40,random_missing,Undefined
0,0.875,0.7777777777777778,0.823529411764706,90,0.875,0.7777777777777778,0.823529411764706,continuous_gap_40,40,continuous_gap,Stable
1,0.2543859649122807,0.9775280898876404,0.4037122969837587,89,0.24166666666666667,0.9775280898876404,0.3875278396436525,continuous_gap_40,40,continuous_gap,Linear
2,0.8275862068965517,0.2823529411764706,0.42105263157894735,85,0.6875,0.12941176470588237,0.21782178217821782,continuous_gap_40,40,continuous_gap,Piecewise
3,0.8,0.3146067415730337,0.45161290322580644,89,0.8484848484848485,0.3146067415730337,0.45901639344262296,continuous_gap_40,40,continuous_gap,Decelerating
4,0.5277777777777778,0.2159090909090909,0.3064516129032258,88,0.5151515151515151,0.19318181818181818,0.2809917355371901,continuous_gap_40,40,continuous_gap,Accelerating
5,1.0,0.012195121951219513,0.024096385542168676,82,1.0,0.012195121951219513,0.024096385542168676,continuous_gap_40,40,continuous_gap,Undefined
0,0.967032967032967,0.9777777777777777,0.9723756906077348,90,0.9565217391304348,0.9777777777777777,0.967032967032967,front_dense_back_sparse_40,40,front_dense_back_sparse,Stable
1,0.9642857142857143,0.9101123595505618,0.9364161849710984,89,0.9431818181818182,0.9325842696629213,0.9378531073446328,front_dense_back_sparse_40,40,front_dense_back_sparse,Linear
2,0.8902439024390244,0.8588235294117647,0.874251497005988,85,0.9125,0.8588235294117647,0.8848484848484848,front_dense_back_sparse_40,40,front_dense_back_sparse,Piecewise
3,0.9565217391304348,0.9887640449438202,0.9723756906077348,89,0.9560439560439561,0.9775280898876404,0.9666666666666667,front_dense_back_sparse_40,40,front_dense_back_sparse,Decelerating
4,0.898876404494382,0.9090909090909091,0.9039548022598869,88,0.9069767441860465,0.8863636363636364,0.896551724137931,front_dense_back_sparse_40,40,front_dense_back_sparse,Accelerating
5,0.8705882352941177,0.9024390243902439,0.8862275449101796,82,0.872093023255814,0.9146341463414634,0.8928571428571429,front_dense_back_sparse_40,40,front_dense_back_sparse,Undefined
0,0.9659090909090909,0.9444444444444444,0.9550561797752809,90,0.9659090909090909,0.9444444444444444,0.9550561797752809,front_sparse_back_dense_40,40,front_sparse_back_dense,Stable
1,0.9411764705882353,0.898876404494382,0.9195402298850575,89,0.9411764705882353,0.898876404494382,0.9195402298850575,front_sparse_back_dense_40,40,front_sparse_back_dense,Linear
2,0.8636363636363636,0.8941176470588236,0.8786127167630058,85,0.872093023255814,0.8823529411764706,0.8771929824561403,front_sparse_back_dense_40,40,front_sparse_back_dense,Piecewise
3,0.9560439560439561,0.9775280898876404,0.9666666666666667,89,0.9560439560439561,0.9775280898876404,0.9666666666666667,front_sparse_back_dense_40,40,front_sparse_back_dense,Decelerating
4,0.8876404494382022,0.8977272727272727,0.8926553672316383,88,0.8977272727272727,0.8977272727272727,0.8977272727272727,front_sparse_back_dense_40,40,front_sparse_back_dense,Accelerating
5,0.8292682926829268,0.8292682926829268,0.8292682926829268,82,0.8235294117647058,0.8536585365853658,0.8383233532934131,front_sparse_back_dense_40,40,front_sparse_back_dense,Undefined
