path,bytes,sha256
.gitignore,790,22f3bf6c73ffd64c6a2b37f9edc5f49c2fd10a400da29fefe45196767a3778e5
README.md,7197,899259d3f092251c2f8ae79580fcc819b63dc04b90ca341353097d09317e9a05
pasc-tcn-service/PHASE_B_COMPLETION_REPORT.md,3741,9dab605048dd8fab03459d66a8644c34a0197336cdc3f0d21154ae93c740271b
pasc-tcn-service/README.md,3840,81860643fb7357559b73360f1b94c9f6152cc812e16278722292375cae032ef8
pasc-tcn-service/pyproject.toml,649,b4ca3de38d6dc85169c39d491c0ceffcbe584ec4bc1a27ddc442c3605daf9b14
pasc-tcn-service/src/pasc_tcn_service/__init__.py,273,fb7533d65bc7729e46733913b0942f5cff6fab21d2374c5c70a2e9ec42d1be6f
pasc-tcn-service/src/pasc_tcn_service/__main__.py,1769,19cb6651ae100cd2734739fc331b1b1e7c1c2ab0798ee6611901f7b401c3ba1c
pasc-tcn-service/src/pasc_tcn_service/api.py,4019,6d715e3054362512cd5a8ac64767203fb1f4e47ed728873ce2fb283c39772299
pasc-tcn-service/src/pasc_tcn_service/assets/physics_scaler.json,1682,f88033bbda72a277c6705523cb7e4d4adb8e54a994bdf8ca3d0250f7d6ad4d17
pasc-tcn-service/src/pasc_tcn_service/contract.py,1873,fdb646b7059b3cf0b83cb8b4da770f9ab2731d496257606ecf5541388f8517a8
pasc-tcn-service/src/pasc_tcn_service/errors.py,1546,9e5bdaab6adac0c82f691474fd07e09d224db6ee5f392d1c0b6bf08061a16173
pasc-tcn-service/src/pasc_tcn_service/preprocessing.py,19150,518213594fd28e60b39f04eb9496be6fc370cf802a0240ee80655279ba8496f4
pasc-tcn-service/src/pasc_tcn_service/schema.py,16582,b384533a5908dc1f878b68788a16b60d9d3ca35f75b47f7643d7fe36e4079f32
pasc-tcn-service/tests/fixtures/native248_golden.json,92004,c0952a0b6de891ed78c812cf902147f9748d984193fb074421e96bc0436a5dfb
pasc-tcn-service/tests/test_api.py,3298,a5d4bb8a61264374ba616bf2da5016916968d6d4fbd3f4376b9dded96a2b8dfc
pasc-tcn-service/tests/test_preprocessing.py,6758,d26ddc8d9678b0d768ad062b73be52945a316a7f1caaa0fef6aa14dfd59ef2c7
pasc-tcn-service/tests/test_schema.py,5155,eddbadb6b1e024ff3b07d9284937a16b0e8241376ab1dd3258cbcb122ae0877f
pasc-tcn-service/tools/generate_native248_golden.py,8140,38d82a1093f8f86e51c5b6d9519d0a3ce0a957ff0c8f1d51af03725484c746f1
pasc-tcn-service/tools/generate_phase_b_manifest.py,1752,5dabd1c10272b853185911fc5fffc064fd62a476db48db9623e44bb6bfdc6ac7
